
INSERT INTO nationality (id, nome) VALUES (1, 'Italiana');
INSERT INTO nationality (id, nome) VALUES (2, 'Francese');
INSERT INTO nationality (id, nome) VALUES (3, 'Tedesca');
INSERT INTO nationality (id, nome) VALUES (4, 'Spagnola');
INSERT INTO nationality (id, nome) VALUES (5, 'Britannica');
INSERT INTO nationality (id, nome) VALUES (6, 'Americana');
INSERT INTO nationality (id, nome) VALUES (7, 'Canadese');
INSERT INTO nationality (id, nome) VALUES (8, 'Australiana');
INSERT INTO nationality (id, nome) VALUES (9, 'Giapponese');
INSERT INTO nationality (id, nome) VALUES (10, 'Cinese');
INSERT INTO nationality (id, nome) VALUES (11, 'Indiana');
INSERT INTO nationality (id, nome) VALUES (12, 'Brasiliana');
INSERT INTO nationality (id, nome) VALUES (13, 'Messicana');
INSERT INTO nationality (id, nome) VALUES (14, 'Russa');
INSERT INTO nationality (id, nome) VALUES (15, 'Sudafricana');
INSERT INTO nationality (id, nome) VALUES (16, 'Egiziana');
INSERT INTO nationality (id, nome) VALUES (17, 'Nigeriana');
INSERT INTO nationality (id, nome) VALUES (18, 'Svedese');
INSERT INTO nationality (id, nome) VALUES (19, 'Norvegese');
INSERT INTO nationality (id, nome) VALUES (20, 'Finlandese');

INSERT INTO book (id,titolo, data_pubblicazione, media_voti, sinossi) VALUES (1,'Il Signore degli Anelli', '1954-07-29', 4.8, 'Un hobbit intraprende un epico viaggio per distruggere un anello malvagio e salvare la Terra di Mezzo.');
INSERT INTO book (id,titolo, data_pubblicazione, media_voti, sinossi) VALUES (2,'Cent''anni di solitudine', '1967-05-30', 4.7, 'La saga di sette generazioni della famiglia Buendía nel mitico villaggio di Macondo.');
INSERT INTO book (id,titolo, data_pubblicazione, media_voti, sinossi) VALUES (3,'1984', '1949-06-08', 4.5, 'In un futuro distopico, un uomo lotta contro un regime totalitario che controlla ogni aspetto della vita.');
INSERT INTO book (id,titolo, data_pubblicazione, media_voti, sinossi) VALUES (4,'Orgoglio e Pregiudizio', '1813-01-28', 4.6, 'Le vicende amorose e sociali di Elizabeth Bennet e Mr. Darcy nell''Inghilterra del XIX secolo.');
INSERT INTO book (id,titolo, data_pubblicazione, media_voti, sinossi) VALUES (5,'Don Chisciotte', '1605-01-16', 4.9, 'Un nobile si crede un cavaliere errante e parte per avventure immaginarie con il suo scudiero Sancho Panza.');
INSERT INTO book (id, titolo, data_pubblicazione, media_voti, sinossi) VALUES (6,'Guerra e Pace', '1869-01-01', 4.3, 'Le vite di diverse famiglie aristocratiche russe sullo sfondo delle guerre napoleoniche.');
INSERT INTO book (id, titolo, data_pubblicazione, media_voti, sinossi) VALUES (7,'Il Piccolo Principe', '1943-04-06', 4.9, 'Un pilota incontra un piccolo principe caduto dallo spazio che condivide le sue riflessioni sulla vita e l''amore.');
INSERT INTO book (id, titolo, data_pubblicazione, media_voti,sinossi) VALUES (8,'Alice nel Paese delle Meraviglie', '1865-11-26', 4.2,'Alice si perde in un mondo magico accompagnata da creature strane e pericolose.');
INSERT INTO book (id, titolo, data_pubblicazione, media_voti, sinossi) VALUES (9,'Il Codice Da Vinci', '2003-03-18', 1, 'Un simbologo indaga su un mistero millenario che minaccia i fondamenti del cristianesimo.');
INSERT INTO book (id, titolo, data_pubblicazione, media_voti, sinossi) VALUES (10,'Le Avventure di Huckleberry Finn', '1884-12-10', 4.0, 'Un ragazzo fugge e naviga sul fiume Mississippi con uno schiavo in cerca di libertà.');
INSERT INTO book (id, titolo, data_pubblicazione, media_voti, sinossi) VALUES (11,'Il Grande Gatsby', '1925-04-10', 3.1, 'La tragica storia di Jay Gatsby e il suo amore irrealizzato per Daisy Buchanan negli anni Venti.');
INSERT INTO book (id, titolo, data_pubblicazione, media_voti, sinossi) VALUES (12,'Moby Dick', '1851-10-18', 2, 'Il capitano Achab dà la caccia ossessivamente a una balena bianca gigantesca.');
INSERT INTO book (id, titolo, data_pubblicazione, media_voti, sinossi) VALUES (13,'Anna Karenina', '1877-01-01', 4.4, 'La tragica storia di un amore adultero che sfida le convenzioni sociali nella Russia del XIX secolo.');
INSERT INTO book (id, titolo, data_pubblicazione, media_voti, sinossi) VALUES (14,'Crimine e Castigo', '1866-01-01', 2.2, 'Un ex studente commette un omicidio e lotta con il senso di colpa e la moralità.');
INSERT INTO book (id, titolo, data_pubblicazione, media_voti, sinossi) VALUES (15,'Harry Potter e la Pietra Filosofale', '1997-06-26', 4.7, 'Un orfano scopre di essere un mago e inizia la sua avventura nella scuola di Hogwarts.');
INSERT INTO book (id, titolo, data_pubblicazione, media_voti, sinossi) VALUES (16,'Lo Hobbit', '1937-09-21', 4.8, 'Un hobbit parte per un''avventura inaspettata con un gruppo di nani per recuperare un tesoro custodito da un drago.');
INSERT INTO book (id, titolo, data_pubblicazione, media_voti, sinossi) VALUES (17,'Il Conte di Montecristo', '1844-01-01', 4.7, 'Un uomo innocente viene imprigionato e, una volta evaso, cerca vendetta.');
INSERT INTO book (id, titolo, data_pubblicazione, media_voti, sinossi) VALUES (18,'Frankenstein', '1818-01-01', 3.9, 'Uno scienziato crea una creatura senziente con tragiche conseguenze.');
INSERT INTO book (id, titolo, data_pubblicazione, media_voti, sinossi) VALUES (19,'Dracula', '1897-05-26', 2.1, 'Un avvocato si reca in Transilvania e incontra il misterioso Conte Dracula.');
INSERT INTO book (id, titolo, data_pubblicazione, media_voti, sinossi) VALUES (20,'Cime Tempestose', '1847-12-01', 2.0, 'Una storia intensa di amore, ossessione e vendetta tra Heathcliff e Catherine.');
INSERT INTO book (id, titolo, data_pubblicazione, media_voti, sinossi) VALUES (21,'Il Processo', '1925-04-27', 3.0, 'Un uomo viene arrestato e processato per un crimine sconosciuto.');
INSERT INTO book (id, titolo, data_pubblicazione, media_voti, sinossi) VALUES (22,'La Metamorfosi', '1915-01-01', 3.2, 'Un commesso viaggiatore si sveglia trasformato in un enorme insetto.');
INSERT INTO book (id, titolo, data_pubblicazione, media_voti, sinossi) VALUES (23,'Sulla Strada', '1957-09-05', 3.7, 'Le avventure di un gruppo di amici che attraversano l''America in cerca di libertà e significato.');
INSERT INTO book (id, titolo, data_pubblicazione, media_voti, sinossi) VALUES (24,'Il Rumore e il Furore', '1929-10-07', 3.4, 'La decadenza della famiglia Compson attraverso diverse prospettive frammentate.');
INSERT INTO book (id, titolo, data_pubblicazione, media_voti, sinossi) VALUES (25,'Paradiso Perduto', '1667-01-01', 2.9, 'La rielaborazione epica della caduta dell''uomo e della cacciata di Adamo ed Eva dal Giardino dell''Eden.');
INSERT INTO genre (id, name) VALUES (1, 'Fantasy');
INSERT INTO genre (id, name) VALUES (2, 'Classico');
INSERT INTO genre (id, name) VALUES (3, 'Distopico');
INSERT INTO genre (id, name) VALUES (4, 'Romantico');
INSERT INTO genre (id, name) VALUES (5, 'Avventura');
INSERT INTO genre (id, name) VALUES (6, 'Storico');
INSERT INTO genre (id, name) VALUES (7, 'Letteratura per ragazzi');
INSERT INTO genre (id, name) VALUES (8, 'Giallo');
INSERT INTO genre (id, name) VALUES (9, 'Horror');
INSERT INTO genre (id, name) VALUES (10, 'Filosofia');
INSERT INTO genre (id, name) VALUES (11, 'Thriller'); -- Added for more variety
INSERT INTO genre (id, name) VALUES (12, 'Sci-Fi'); 
-- Associating books with genres
-- Book 1: Il Signore degli Anelli (Fantasy, Avventura, Classico)
INSERT INTO book_generi (books_id, generi_id) VALUES (1, 1); -- Fantasy
INSERT INTO book_generi (books_id, generi_id) VALUES (1, 5); -- Avventura
INSERT INTO book_generi (books_id, generi_id) VALUES (1, 2); -- Classico

-- Book 2: Cent'anni di solitudine (Classico, Storico)
INSERT INTO book_generi (books_id, generi_id) VALUES (2, 2); -- Classico
INSERT INTO book_generi (books_id, generi_id) VALUES (2, 6); -- Storico

-- Book 3: 1984 (Distopico, Classico)
INSERT INTO book_generi (books_id, generi_id) VALUES (3, 3); -- Distopico
INSERT INTO book_generi (books_id, generi_id) VALUES (3, 2); -- Classico

-- Book 4: Orgoglio e Pregiudizio (Romantico, Classico)
INSERT INTO book_generi (books_id, generi_id) VALUES (4, 4); -- Romantico
INSERT INTO book_generi (books_id, generi_id) VALUES (4, 2); -- Classico

-- Book 5: Don Chisciotte (Classico, Avventura)
INSERT INTO book_generi (books_id, generi_id) VALUES (5, 2); -- Classico
INSERT INTO book_generi (books_id, generi_id) VALUES (5, 5); -- Avventura

-- Book 6: Guerra e Pace (Classico, Storico)
INSERT INTO book_generi (books_id, generi_id) VALUES (6, 2); -- Classico
INSERT INTO book_generi (books_id, generi_id) VALUES (6, 6); -- Storico

-- Book 7: Il Piccolo Principe (Letteratura per ragazzi, Classico, Filosofia)
INSERT INTO book_generi (books_id, generi_id) VALUES (7, 7); -- Letteratura per ragazzi
INSERT INTO book_generi (books_id, generi_id) VALUES (7, 2); -- Classico
INSERT INTO book_generi (books_id, generi_id) VALUES (7, 10);-- Filosofia

-- Book 8: Alice nel Paese delle Meraviglie (Letteratura per ragazzi, Fantasy)
INSERT INTO book_generi (books_id, generi_id) VALUES (8, 7); -- Letteratura per ragazzi
INSERT INTO book_generi (books_id, generi_id) VALUES (8, 1); -- Fantasy
INSERT INTO book_generi (books_id, generi_id) VALUES (8, 2); -- Fantasy
INSERT INTO book_generi (books_id, generi_id) VALUES (8, 3); -- Fantasy

-- Book 9: Il Codice Da Vinci (Thriller, Giallo)
INSERT INTO book_generi (books_id, generi_id) VALUES (9, 11); -- Thriller
INSERT INTO book_generi (books_id, generi_id) VALUES (9, 8);  -- Giallo

-- Book 10: Le Avventure di Huckleberry Finn (Avventura, Classico)
INSERT INTO book_generi (books_id, generi_id) VALUES (10, 5); -- Avventura
INSERT INTO book_generi (books_id, generi_id) VALUES (10, 2); -- Classico

-- Book 11: Il Grande Gatsby (Classico, Romantico)
INSERT INTO book_generi (books_id, generi_id) VALUES (11, 2); -- Classico
INSERT INTO book_generi (books_id, generi_id) VALUES (11, 4); -- Romantico

-- Book 12: Moby Dick (Avventura, Classico)
INSERT INTO book_generi (books_id, generi_id) VALUES (12, 5); -- Avventura
INSERT INTO book_generi (books_id, generi_id) VALUES (12, 2); -- Classico

-- Book 13: Anna Karenina (Classico, Romantico)
INSERT INTO book_generi (books_id, generi_id) VALUES (13, 2); -- Classico
INSERT INTO book_generi (books_id, generi_id) VALUES (13, 4); -- Romantico

-- Book 14: Crimine e Castigo (Classico, Giallo)
INSERT INTO book_generi (books_id, generi_id) VALUES (14, 2); -- Classico
INSERT INTO book_generi (books_id, generi_id) VALUES (14, 8); -- Giallo

-- Book 15: Harry Potter e la Pietra Filosofale (Fantasy, Letteratura per ragazzi, Avventura)
INSERT INTO book_generi (books_id, generi_id) VALUES (15, 1); -- Fantasy
INSERT INTO book_generi (books_id, generi_id) VALUES (15, 7); -- Letteratura per ragazzi
INSERT INTO book_generi (books_id, generi_id) VALUES (15, 5); -- Avventura

-- Book 16: Lo Hobbit (Fantasy, Avventura)
INSERT INTO book_generi (books_id, generi_id) VALUES (16, 1); -- Fantasy
INSERT INTO book_generi (books_id, generi_id) VALUES (16, 5); -- Avventura

-- Book 17: Il Conte di Montecristo (Avventura, Classico, Storico)
INSERT INTO book_generi (books_id, generi_id) VALUES (17, 5); -- Avventura
INSERT INTO book_generi (books_id, generi_id) VALUES (17, 2); -- Classico
INSERT INTO book_generi (books_id, generi_id) VALUES (17, 6); -- Storico

-- Book 18: Frankenstein (Horror, Classico, Sci-Fi)
INSERT INTO book_generi (books_id, generi_id) VALUES (18, 9);  -- Horror
INSERT INTO book_generi (books_id, generi_id) VALUES (18, 2);  -- Classico
INSERT INTO book_generi (books_id, generi_id) VALUES (18, 12); -- Sci-Fi

-- Book 19: Dracula (Horror, Classico)
INSERT INTO book_generi (books_id, generi_id) VALUES (19, 9); -- Horror
INSERT INTO book_generi (books_id, generi_id) VALUES (19, 2); -- Classico

-- Book 20: Cime Tempestose (Romantico, Classico)
INSERT INTO book_generi (books_id, generi_id) VALUES (20, 4); -- Romantico
INSERT INTO book_generi (books_id, generi_id) VALUES (20, 2); -- Classico

-- Book 21: Il Processo (Classico, Distopico)
INSERT INTO book_generi (books_id, generi_id) VALUES (21, 2); -- Classico
INSERT INTO book_generi (books_id, generi_id) VALUES (21, 3); -- Distopico

-- Book 22: La Metamorfosi (Classico)
INSERT INTO book_generi (books_id, generi_id) VALUES (22, 2); -- Classico

-- Book 23: Sulla Strada (Avventura, Classico)
INSERT INTO book_generi (books_id, generi_id) VALUES (23, 5); -- Avventura
INSERT INTO book_generi (books_id, generi_id) VALUES (23, 2); -- Classico

-- Book 24: Il Rumore e il Furore (Classico)
INSERT INTO book_generi (books_id, generi_id) VALUES (24, 2); -- Classico

-- Book 25: Paradiso Perduto (Classico, Filosofia)
INSERT INTO book_generi (books_id, generi_id) VALUES (25, 2);  -- Classico
INSERT INTO book_generi (books_id, generi_id) VALUES (25, 10); -- Filosofia
--AUTHORS
INSERT INTO author (id, nome, cognome, data_nascita, data_morte, nazionalita_id) VALUES (1, 'J.R.R.', 'Tolkien', '1892-01-03', '1973-09-02', 1);
INSERT INTO author (id, nome, cognome, data_nascita, data_morte, nazionalita_id) VALUES (2, 'Gabriel', 'García Márquez', '1927-03-06', '2014-04-17', 2);
INSERT INTO author (id, nome, cognome, data_nascita, data_morte, nazionalita_id) VALUES (3, 'George', 'Orwell', '1903-06-25', '1950-01-21', 3);
INSERT INTO author (id, nome, cognome, data_nascita, data_morte, nazionalita_id) VALUES (4, 'Jane', 'Austen', '1775-12-16', '1817-07-18', 5); -- For Orgoglio e Pregiudizio (British)
INSERT INTO author (id, nome, cognome, data_nascita, data_morte, nazionalita_id) VALUES (5, 'Miguel de', 'Cervantes', '1547-09-29', '1616-04-22', 4); -- For Don Chisciotte (Spanish)
INSERT INTO author (id, nome, cognome, data_nascita, data_morte, nazionalita_id) VALUES (6, 'Leo', 'Tolstoy', '1828-09-09', '1910-11-20', 14); -- For Guerra e Pace, Anna Karenina (Russian)
INSERT INTO author (id, nome, cognome, data_nascita, data_morte, nazionalita_id) VALUES (7, 'Antoine de Saint-Exupéry', '.', '1900-06-29', '1944-07-31', 2); -- For Il Piccolo Principe (French)
INSERT INTO author (id, nome, cognome, data_nascita, data_morte, nazionalita_id) VALUES (8, 'Lewis', 'Carroll', '1832-01-27', '1898-01-14', 5); -- For Alice nel Paese delle Meraviglie (British)
INSERT INTO author (id, nome, cognome, data_nascita, data_morte, nazionalita_id) VALUES (9, 'Dan', 'Brown', '1964-06-22', NULL, 6); -- For Il Codice Da Vinci (American)
INSERT INTO author (id, nome, cognome, data_nascita, data_morte, nazionalita_id) VALUES (10, 'Mark', 'Twain', '1835-11-30', '1910-04-21', 6); -- For Le Avventure di Huckleberry Finn (American)
INSERT INTO author (id, nome, cognome, data_nascita, data_morte, nazionalita_id) VALUES (11, 'F. Scott', 'Fitzgerald', '1896-09-24', '1940-12-21', 6); -- For Il Grande Gatsby (American)
INSERT INTO author (id, nome, cognome, data_nascita, data_morte, nazionalita_id) VALUES (12, 'Herman', 'Melville', '1819-08-01', '1891-09-28', 6); -- For Moby Dick (American)
INSERT INTO author (id, nome, cognome, data_nascita, data_morte, nazionalita_id) VALUES (13, 'Fyodor', 'Dostoevsky', '1821-11-11', '1881-02-09', 14); -- For Crimine e Castigo (Russian)
INSERT INTO author (id, nome, cognome, data_nascita, data_morte, nazionalita_id) VALUES (14, 'J.K.', 'Rowling', '1965-07-31', NULL, 5); -- For Harry Potter (British)
INSERT INTO author (id, nome, cognome, data_nascita, data_morte, nazionalita_id) VALUES (15, 'Alexandre', 'Dumas', '1802-07-24', '1870-12-05', 2); -- For Il Conte di Montecristo (French)
INSERT INTO author (id, nome, cognome, data_nascita, data_morte, nazionalita_id) VALUES (16, 'Mary', 'Shelley', '1797-08-30', '1851-02-01', 5); -- For Frankenstein (British)
INSERT INTO author (id, nome, cognome, data_nascita, data_morte, nazionalita_id) VALUES (17, 'Bram', 'Stoker', '1847-11-08', '1912-04-20', 5); -- For Dracula (British)
INSERT INTO author (id, nome, cognome, data_nascita, data_morte, nazionalita_id) VALUES (18, 'Emily', 'Brontë', '1818-07-30', '1848-12-19', 5); -- For Cime Tempestose (British)
INSERT INTO author (id, nome, cognome, data_nascita, data_morte, nazionalita_id) VALUES (19, 'Franz', 'Kafka', '1883-07-03', '1924-06-03', 3); -- For Il Processo, La Metamorfosi (German)
INSERT INTO author (id, nome, cognome, data_nascita, data_morte, nazionalita_id) VALUES (20, 'Jack', 'Kerouac', '1922-03-12', '1969-10-21', 6); -- For Sulla Strada (American)
INSERT INTO author (id, nome, cognome, data_nascita, data_morte, nazionalita_id) VALUES (21, 'William', 'Faulkner', '1897-09-25', '1962-07-06', 6); -- For Il Rumore e il Furore (American)
INSERT INTO author (id, nome, cognome, data_nascita, data_morte, nazionalita_id) VALUES (22, 'John', 'Milton', '1608-12-09', '1674-11-08', 5); -- For Paradiso Perduto (British)


-- Link Authors to Books
-- Book 1: Il Signore degli Anelli (Already linked to Tolkien: id 1)
-- Book 2: Cent'anni di solitudine (Already linked to García Márquez: id 2)
-- Book 3: 1984 (Already linked to Orwell: id 3)

INSERT INTO author_libri (autori_id, libri_id) VALUES (1, 1); -- J.R.R. Tolkien -> Il Signore degli Anelli
INSERT INTO author_libri (autori_id, libri_id) VALUES (2, 2); -- Gabriel García Márquez -> Cent'anni di solitudine
INSERT INTO author_libri (autori_id, libri_id) VALUES (3, 3); -- George Orwell -> 1984

INSERT INTO author_libri (autori_id, libri_id) VALUES (4, 4); -- Jane Austen -> Orgoglio e Pregiudizio
INSERT INTO author_libri (autori_id, libri_id) VALUES (5, 5); -- Miguel de Cervantes -> Don Chisciotte
INSERT INTO author_libri (autori_id, libri_id) VALUES (6, 6); -- Leo Tolstoy -> Guerra e Pace
INSERT INTO author_libri (autori_id, libri_id) VALUES (7, 7); -- Antoine de Saint-Exupéry -> Il Piccolo Principe
INSERT INTO author_libri (autori_id, libri_id) VALUES (8, 8); -- Lewis Carroll -> Alice nel Paese delle Meraviglie
INSERT INTO author_libri (autori_id, libri_id) VALUES (9, 9); -- Dan Brown -> Il Codice Da Vinci
INSERT INTO author_libri (autori_id, libri_id) VALUES (10, 10); -- Mark Twain -> Le Avventure di Huckleberry Finn
INSERT INTO author_libri (autori_id, libri_id) VALUES (11, 11); -- F. Scott Fitzgerald -> Il Grande Gatsby
INSERT INTO author_libri (autori_id, libri_id) VALUES (12, 12); -- Herman Melville -> Moby Dick
INSERT INTO author_libri (autori_id, libri_id) VALUES (6, 13); -- Leo Tolstoy -> Anna Karenina (already added Tolstoy)
INSERT INTO author_libri (autori_id, libri_id) VALUES (13, 14); -- Fyodor Dostoevsky -> Crimine e Castigo
INSERT INTO author_libri (autori_id, libri_id) VALUES (14, 15); -- J.K. Rowling -> Harry Potter e la Pietra Filosofale
INSERT INTO author_libri (autori_id, libri_id) VALUES (1, 16); -- J.R.R. Tolkien -> Lo Hobbit (already added Tolkien)
INSERT INTO author_libri (autori_id, libri_id) VALUES (15, 17); -- Alexandre Dumas -> Il Conte di Montecristo
INSERT INTO author_libri (autori_id, libri_id) VALUES (16, 18); -- Mary Shelley -> Frankenstein
INSERT INTO author_libri (autori_id, libri_id) VALUES (17, 19); -- Bram Stoker -> Dracula
INSERT INTO author_libri (autori_id, libri_id) VALUES (18, 20); -- Emily Brontë -> Cime Tempestose
INSERT INTO author_libri (autori_id, libri_id) VALUES (19, 21); -- Franz Kafka -> Il Processo
INSERT INTO author_libri (autori_id, libri_id) VALUES (19, 22); -- Franz Kafka -> La Metamorfosi
INSERT INTO author_libri (autori_id, libri_id) VALUES (20, 23); -- Jack Kerouac -> Sulla Strada
INSERT INTO author_libri (autori_id, libri_id) VALUES (21, 24); -- William Faulkner -> Il Rumore e il Furore
INSERT INTO author_libri (autori_id, libri_id) VALUES (22, 25); -- John Milton -> Paradiso Perduto
--USERS & CREDENTIALS
INSERT INTO users (id, name, surname, email, eta, image_id) VALUES (100, 'Mario', 'Rossi', 'admin@example.com', 40,NULL);
INSERT INTO credentials (id, username, password, role, user_id) VALUES (200, 'adm', '$2a$12$s3QTUipQcQAOXN0aZ0scie6KFTZ9ISeU6nnIUmeeXwgrL4AsnJ4.u', 'ROLE_ADMIN', 100);
INSERT INTO users (id, name, surname, email, eta, image_id) VALUES (101, 'Giulia', 'Bianchi', 'user@example.com', 28,NULL);
INSERT INTO credentials (id, username, password, role, user_id) VALUES (201, 'ute', '$2a$12$x/pn.th/advauZHiRKICZer7ObgOzLpyOwZdZ4GrrOaaGKgS4yeee', 'ROLE_USER', 101);
INSERT INTO users (id, name, surname, email,eta, image_id) VALUES (10, 'Biagou', 'Wanyou', 'biagou.02@gmail.com', 29,NULL);
INSERT INTO credentials (id, username, password, role, user_id) VALUES (202, 'biagou', '$2a$10$qanOsKUT3qHAzpL71RpE1e.E21mT9P3XAOzTiT9fs8dDXG1lwHSo.', 'ROLE_ADMIN', 10);






-- *** IMPORTANT: Place these statements AFTER all your INSERT statements ***

-- Reset author_seq based on the highest ID in the 'author' table
SELECT setval('author_seq', (SELECT MAX(id) FROM author) + 1, false);

-- Reset book_seq based on the highest ID in the 'book' table
SELECT setval('book_seq', (SELECT MAX(id) FROM book) + 1, false);

-- Reset credentials_seq based on the highest ID in the 'credentials' table
SELECT setval('credentials_seq', (SELECT MAX(id) FROM credentials) + 1, false);

-- Reset genre_seq based on the highest ID in the 'genre' table
SELECT setval('genre_seq', (SELECT MAX(id) FROM genre) + 1, false);





-- Reset users_seq based on the highest ID in the 'users' table
SELECT setval('users_seq', (SELECT MAX(id) FROM users) + 1, false);